{
  "environment": "aws",
  "total_tests": 32,
  "successful_tests": 30,
  "failed_tests": 0,
  "avg_upload_time_ms": 439.403756459554,
  "avg_e2e_time_ms": 2031.0245275497437,
  "avg_processing_time_ms": 77.33333333333333,
  "p50_e2e_ms": 1954.0784358978271,
  "p95_e2e_ms": 2803.1377315521236,
  "p99_e2e_ms": 2866.8928170204163,
  "min_e2e_ms": 910.6948375701904,
  "max_e2e_ms": 2870.7668781280518,
  "throughput_files_per_sec": 0.49236234542495355,
  "error_rate_percent": 6.25,
  "cold_start_count": 2
}